linea_negocio,planteles,tipo_beneficio,tipo_ingreso,modalidad,duracion,porcentaje_adicional,estado,notas
Licenciatura,Aguascalientes,Porcentaje adicional,Nuevo ingreso,Presencial,Toda la carrera,20,Activo,Fuente fila 3 del catálogo C3 2026. Beca 20%+ Aguascalientes Lic. escolarizada °Se pierde por materias reprobadas °Se pierde por promedio abajo de 7 Se pierde si el alumno se da de baja Becas exclusivas para alumnos que se matriculan por primera vez en UNIDEP Vigencia: Cierre de C3 2026. SIIE: BECA LIC AGUASCALIENTES 20% Soporte: Aguascalientes C3
Licenciatura,La Paz,Porcentaje adicional,Nuevo ingreso,Presencial,Toda la carrera,25,Activo,Fuente fila 4 del catálogo C3 2026. Beca 25%+ Lic presencial para toda la carrera °Se pierde por materias reprobadas °Se pierde por promedio abajo de 7 Se pierde si el alumno se da de baja Becas exclusivas para alumnos que se matriculan por primera vez en UNIDEP Vigencia: Cierre de C3 2026. SIIE: BLICLPZ25%ADNI BECA LICENCIATURA LA PAZ 25% ADICIONAL NI ACADÉMICA LICENCIATURA LA PAZ BLICLPZ25%ADRI BECA LICENCIATURA LA PAZ 25% ADICIONAL RI ACADÉMICA LICENCIATURA LA PAZ Soporte: La Paz C3
Todas,Cd. del Carmen,Porcentaje adicional,Nuevo ingreso,Todas,Cualquiera,100,Activo,"Fuente fila 5 del catálogo C3 2026. Descuento del 100% en segunda parcialidad, ajuste de fecha de pago del °Solo aplica para el NI °Promedio de 7 para arriba. Descuento exclusivas para alumnos que se matriculan por primera vez en UNIDEP Vigencia: Cierre de C3 2026. SIIE: Una vez cerrado el proceso de Inscripciones del ciclo C3-26 (Septiembre-Diciembre 26) se aplicará de manera manual el descuento a la 2da. parcialidad de los alumnos de NI inscritos a partir del 10 de julio y hasta el cierre del proceso de Inscripciones. El alumno podrá visualizar en su estado de cuenta el ajuste mencionado,antes de la fecha de vencimiento de la 2da. parcialidad. Los ajustes se aplicarán por parte del equipo de Finanzas Oficinas Centrales y se le notificará al plantel una vez ejecutado el proceso. Soporte: Cd. del Carmen C3"
Todas,Cd. Mante; Chihuahua; Culiacán; Hermosillo; Nogales; Querétaro; Tijuana; Torreón; Zacatecas,Porcentaje adicional,Nuevo ingreso,Presencial,Toda la carrera,10,Activo,Fuente fila 6 del catálogo C3 2026. Beca del 10% adicional a planteles con bachillerato y absorban directamente a licenciatura presencial y a ex alumnos UNIDEP Reglas °Esta beca es incremental sobre las becas académicas sujeta a promedio °Es para toda la carrera °Para planteles con prepa solo aplica para absorción directa o ex alumnos de bachillerato.que hayan dejado de estudiar. °Esta beca es vigente solo para el C3. Becas exclusivas para alumnos que se matriculan por primera vez en UNIDEP Vigencia: Cierre de C3 2026. SIIE: BABS25%NI - BECA ABSORCIÓN 25% NI BABS25%RI - BECA ABSORCIÓN 25% RI BABS30%NI - BECA ABSORCIÓN 30% NI BABS30%RI - BECA ABSORCIÓN 30% RI BABS35%NI - BECA ABSORCIÓN 35% NI BABS35%RI - BECA ABSORCIÓN 35% RI Soporte: Beca 10% Absorción bachillerato
Todas,Tuxpan,Porcentaje adicional,Nuevo ingreso,Todas,Toda la carrera,15,Activo,"Fuente fila 15 del catálogo C3 2026. 15% adicional con beca, para inscripción del C3 para toda la carrera °Es para toda la carrera Esta beca es vigente solo para NI de C3 °Se pierde por materias reprobadas °Se pierde por promedio abajo de 7 Becas exclusivas para alumnos que se matriculan por primera vez en UNIDEP Vigencia: Cierre de C3 2026. SIIE: BLIC15%TUXNI BECA LICENCIATURA 15%ADICIONAL TUXPAN NI ACADÉMICA LICENCIATURA TUXPAN BLIC15%TUXRI BECA LICENCIATURA 15%ADICIONAL TUXPAN RI ACADÉMICA LICENCIATURA TUXPAN Soporte: Tuxpan C3"
Licenciatura,Online,Porcentaje adicional,Nuevo ingreso,Online,1 cuatrimestre,10,Activo,Fuente fila 16 del catálogo C3 2026. 10% adicional de beca para las licenciaturas online para el primer cuatrimestre. Esta beca está sujeta a promedio desde 7 Descuento exclusivo para alumnos que se matriculan por primera vez en UNIDEP Vigencia: Cierre de C3 2026. Soporte: Online 10% 1er cuatri
Licenciatura,Nogales,Porcentaje adicional,Nuevo ingreso,Presencial,1 cuatrimestre,20,Activo,"Fuente fila 17 del catálogo C3 2026. Descuento del 20% sobre la beca otorgada por promedio para nuevo ingreso en Licenciatura Escolarizada . Este descuento es solo para el primer cuatrimestre. Descuento exclusivo para alumnos que se matriculan por primera vez en UNIDEP Vigencia: Cierre de C3 2026. SIIE: BLIC20%NOGNI BECA LICENCIATURA 20%ADICIONAL NOGALES NI ACADEMICA LICENCIATURA NOGALES 2026-1 (C3 2025) 7-7.9= 35, 8-8.9= 40, 9-10=45 BLICNOGRI BECA LICENCIATURA NOGALES RI ACADEMICA LICENCIATURA NOGALES 2026-1 (C3 2025) 7-7.9= 15, 8-8.9= 20, 9-10=25 Comparto aqui mismo la clave del reglamento puesto que ultimamente ha salido la confusion en Neotel de que viene un RE antes de la clave y se piensa que es una beca de Renovacion o Reinscipcion y aclaro que el RE es una abreviatura de REGLAMENTO. REGLAMENTO REBLIC20%NOGNI REGLAMENTO BECA LICENCIATURA 20%ADICIONAL NOGALES NI ACADEMICA LICENCIATURA NOGALES 2026-1 (C3 2025) 7-7.9= 35, 8-8.9= 40, 9-10=45 REBLICNOGRI REGLAMENTO BECA LICENCIATURA NOGALES RI ACADEMICA LICENCIATURA NOGALES 2026-1 (C3 2025) 7-7.9= 15, 8-8.9= 20, 9-10=25 Soporte: Nogales 20%+ C3"
Todas,Hermosillo,Porcentaje adicional,Nuevo ingreso,Presencial,1 cuatrimestre,15,Activo,"Fuente fila 18 del catálogo C3 2026. Beca del 15% adicional a prepa, lic. escolarizada y salud solo NI de C3 Esta beca es incremental sobre las becas académicas sujeta a promedio Esta beca es vigente solo para NI de C3. Se pierde por materias reprobadas Se pierde por promedio abajo de 7 Becas exclusivas para alumnos que se matriculan por primera vez en UNIDEP Vigencia: Cierre de C3 2026."
Todas,Todos,Porcentaje adicional,Reingreso,Todas,1 cuatrimestre,15,Activo,"Fuente fila 19 del catálogo C3 2026. Alumno embajador tendrá beca del 15% + de descuento sobre su beca durante todo el cuatrimestre, únicamente para el RI | Para Online (Lic, Posgrado) solo es del 10% ALUMNO DE NI, NO PUEDE OBTENER ESTE BENEFICIO SIENDO NI, LO PUEDE UTILIZAR SIENDO RI Vigencia: Cierre de C3 2026. Soporte: Alumno Embajador Desc. 15%+ por cuatrimestre Variante: Presencial/Ejecutiva."
Todas,Todos,Porcentaje adicional,Reingreso,Online,1 cuatrimestre,10,Activo,"Fuente fila 19 del catálogo C3 2026. Alumno embajador tendrá beca del 15% + de descuento sobre su beca durante todo el cuatrimestre, únicamente para el RI | Para Online (Lic, Posgrado) solo es del 10% ALUMNO DE NI, NO PUEDE OBTENER ESTE BENEFICIO SIENDO NI, LO PUEDE UTILIZAR SIENDO RI Vigencia: Cierre de C3 2026. Soporte: Alumno Embajador Desc. 15%+ por cuatrimestre Variante: Online."
Salud,Chihuahua,Porcentaje adicional,Nuevo ingreso,Presencial,1 cuatrimestre,15,Activo,Fuente fila 20 del catálogo C3 2026. Beca 15% adicional para primer cuatrimestre válido para 1er cuatrimestre Salud plantel Chihuahua Descuento exclusivo para alumnos que se matriculan por primera vez en UNIDEP Vigencia: Cierre de C3 2026. Soporte: Chihuahua Salud 15%+ C3
Licenciatura,Todos,Porcentaje adicional,Cualquier ingreso,Todas,Toda la carrera,15,Activo,Fuente fila 21 del catálogo C3 2026. Beca Hermanos SOLO PRESENCIALES Y EJECUTIVAS Limitado a 3 hermanos Se puede acumular con el descuento de referidos Beca para toda la carrera Si en plantel tiene alguna beca activa en la línea de negocio de su elección al momento de inscribirse se le respeta el % de beca y se le suma el 15% de beca hermanos. NO APLICA PARA LIC. ONLINE Vigencia: Cierre de C3 2026. SIIE: BHER15NI BECA HERMANOS 15 NI CONVENIO 15% BHER15RI BECA HERMANOS 15 RI CONVENIO 15% BHER30NI BECA HERMANOS 30 NI CONVENIO 30% BHER30RI BECA HERMANOS 30 RI CONVENIO 30% BHER35NI BECA HERMANOS 35 NI CONVENIO 35% BHER35RI BECA HERMANOS 35 RI CONVENIO 35% BHER40NI BECA HERMANOS 40 NI CONVENIO 40% BHER40RI BECA HERMANOS 40 RI CONVENIO 40% BHER45NI BECA HERMANOS 45 NI CONVENIO 45% BHER45RI BECA HERMANOS 45 RI CONVENIO 45% BHER50NI BECA HERMANOS 50 NI CONVENIO 50% BHER50RI BECA HERMANOS 50 RI CONVENIO 50% BHER55NI BECA HERMANOS 55 NI CONVENIO 55% BHER55RI BECA HERMANOS 55 RI CONVENIO 55% Soporte: Reglas de Becas Hermanos.vf .docx.pdf
Licenciatura,Culiacán,Porcentaje adicional,Nuevo ingreso,Presencial,Toda la carrera,15,Activo,Fuente fila 22 del catálogo C3 2026. Beca del 15% de beca para Licenciatura escolarizada para toda la carrera Esta beca es vigente solo para NI de C3. Se pierde por materias reprobadas Se pierde por promedio abajo de 7 Becas exclusivas para alumnos que se matriculan por primera vez en UNIDEP Vigencia: Cierre de C3 2026. SIIE: BLICCUL15%NI BECA LICENCIATURA CULIACAN 15%NI ACADÉMICA 15% LICENCIATURA CULIACÁN BLICCUL15%RI BECA LICENCIATURA CULIACAN 15%RI ACADÉMICA 15% LICENCIATURA CULIACÁN
Todas,Culiacán,Porcentaje adicional,Nuevo ingreso,Presencial,Toda la carrera,15,Activo,"Fuente fila 23 del catálogo C3 2026. Beca del 15% de beca para Lic. en Salud para toda la carrera Esta beca es vigente solo para NI de C3. Se pierde por materias reprobadas Se pierde por promedio abajo de 7 Becas exclusivas para alumnos que se matriculan por primera vez en UNIDEP Vigencia: Cierre de C3 2026. SIIE: BACALICSCUL15%ADNI BECA ACADÉMICA LICENCIATURA SALUD CULIACÁN 15% ADICIONAL NI ACADÉMICA 7-7.9 = 30%, 8-8.9 = 35%, 9-10 = 40% CULIACÁN BACALICSCUL15%ADRI BECA ACADÉMICA LICENCIATURA SALUD CULIACÁN 15% ADICIONAL RI ACADÉMICA 7-7.9 = 30%, 8-8.9 = 35%, 9-10 = 40% CULIACÁN Soporte: Culiacán Salud"
Todas,Tijuana,Porcentaje adicional,Nuevo ingreso,Presencial,1 cuatrimestre,15,Activo,"Fuente fila 24 del catálogo C3 2026. Beca del 15 % para Lic. Escolarizada y Salud Es beca incremental sobre la beca académica Esta beca es vigente solo para NI del ciclo próximo de venta, no aplica para inscritos previos que no concluyeron su proceso. El porcentaje de beca está ligado al promedio Se pierde por materias reprobadas. Se pierde por promedio abajo de 7. Becas exclusivas para alumnos que se matriculan por primera vez en UNIDEP Vigencia: Cierre de C3 2026. Soporte: Tijuana escolarizado y salud"
Todas,Querétaro,Porcentaje adicional,Nuevo ingreso,Presencial,Toda la carrera,15,Activo,"Fuente fila 25 del catálogo C3 2026. Beca del 15% adicional en licenciatura y salud para toda la carrera Es beca incremental sobre la beca académica Esta beca es vigente solo para NI de C3, no aplica para inscritos previos que no concluyeron su proceso. El porcentaje de beca está ligado al promedio Se pierde por materias reprobadas. Se pierde por promedio abajo de 7. Becas exclusivas para alumnos que se matriculan por primera vez en UNIDEP Vigencia: Cierre de C3 2026. SIIE: BLICQRO30NI BECA LICENCIATURA QUERETARO 30% NI CONVENIO 30% LICENCIATURA REFORMA Y SALUD QUERETARO BLICQRO30RI BECA LICENCIATURA QUERETARO 30% RI CONVENIO 30% LICENCIATURA REFORMA Y SALUD QUERETARO BLICQRO35NI BECA LICENCIATURA QUERETARO 35% NI CONVENIO 35% LICENCIATURA REFORMA Y SALUD QUERETARO BLICQRO35RI BECA LICENCIATURA QUERETARO 35% RI CONVENIO 35% LICENCIATURA REFORMA Y SALUD QUERETARO BLICQRO40NI BECA LICENCIATURA QUERETARO 40% NI CONVENIO 40% LICENCIATURA REFORMA Y SALUD QUERETARO BLICQRO40RI BECA LICENCIATURA QUERETARO 40% RI CONVENIO 40% LICENCIATURA REFORMA Y SALUD QUERETARO"
Posgrado,Todos,Porcentaje adicional,Cualquier ingreso,Online,Toda la carrera,15,Activo,"Fuente fila 26 del catálogo C3 2026. PRIMER Y SEGUNDO POSGRADO Posgrado externo y exalumnos Online y para Planteles El porcentaje de beca está ligado al promedio Se pierde por materias reprobadas. Se pierde por promedio abajo de 7. Beca 15% adicional para posgrado externo y exalumnos, esta beca aplicará para todo el posgrado y es beca incremental sobre la beca académica. Vigencia: Cierre de C3 2026. SIIE: BPOS30%ADEXNI BECA POSGRADO 30% EXTERNO NI CONVENIO 30 TODOS POSGRADO BPOS30%ADEXRI BECA POSGRADO 30% EXTERNO RI CONVENIO 30 TODOS POSGRADO BPOS35%ADEXNI BECA POSGRADO 35% EXTERNO NI CONVENIO 35 TODOS POSGRADO BPOS35%ADEXRI BECA POSGRADO 35% EXTERNO RI CONVENIO 35 TODOS POSGRADO BPOS40%ADEXNI BECA POSGRADO 40% EXTERNO NI CONVENIO 40 TODOS POSGRADO BPOS40%ADEXRI BECA POSGRADO 40% EXTERNO RI CONVENIO 40 TODOS POSGRADO Soporte: Beca 15% Posgrado Externo y Exalumnos"
Licenciatura,Nogales,Porcentaje adicional,Nuevo ingreso,Todas,1 cuatrimestre,20,Activo,Fuente fila 27 del catálogo C3 2026. Descuento del 20% sobre la beca otorgada por promedio para nuevo ingreso en Licenciatura Escolarizada y Ejecutiva Este descuento es solo para el primer cuatrimestre. Vigencia: Cierre de C3 2026.
Todas,Puerto Peñasco; Cananea; Agua Prieta,Porcentaje adicional,Cualquier ingreso,Todas,Toda la carrera,100,Activo,Fuente fila 28 del catálogo C3 2026. Beca del 100% para estudios de maestría a quienes se inscriban a alguno de nuestros programas de licenciatura para el C1. (externos y exalumnos) Vigencia: Cierre de C3 2026. SIIE: BACA100%ABSNI BECA ACADEMICA 100% ABSORCION NI ACADEMICA 100 POSGRADO BACA100%ABSRI BECA ACADEMICA 100% ABSORCION RI ACADEMICA 100 POSGRADO
Licenciatura,Agua Prieta,Porcentaje adicional,Cualquier ingreso,Presencial,Toda la carrera,15,Activo,Fuente fila 31 del catálogo C3 2026. Beca 15%+ Licenciatura escolarizada Vigencia: Cierre de C3 2026.
Licenciatura,Cananea,Porcentaje adicional,Cualquier ingreso,Presencial,Toda la carrera,15,Activo,Fuente fila 32 del catálogo C3 2026. Beca 15%+ Licenciatura escolarizada Vigencia: Cierre de C3 2026.
